{"nshots":1,"lattice":{"sites":[[0.0,0.0]],"filling":[1]},"effective_hamiltonian":{"rydberg":{"detuning":{"global":{"values":[0.0,0.0],"times":[0.0,3.6e-7]}},"rabi_frequency_phase":{"global":{"values":[0.0,0.0],"times":[0.0,3.6e-7]}},"rabi_frequency_amplitude":{"global":{"values":[0.0,0.0,2.51328e7,2.51328e7,0.0,0.0,2.51328e7,2.51328e7,0.0,0.0,2.51328e7,2.51328e7,0.0,0.0],"times":[0.0,4.0e-9,6.000000000000001e-9,6.6e-8,6.9e-8,1.16e-7,1.19e-7,2.41e-7,2.44e-7,2.91e-7,2.94e-7,3.54e-7,3.56e-7,3.6e-7]}}}}}