{"nshots":1,"lattice":{"sites":[[0.0,0.0]],"filling":[1]},"effective_hamiltonian":{"rydberg":{"detuning":{"global":{"values":[0.0,0.0,1.256637062e8,1.256637062e8,0.0,0.0],"times":[0.0,9.000000000000001e-9,1.1e-8,2.009e-6,2.011e-6,2.02e-6]}},"rabi_frequency_phase":{"global":{"values":[0.0,0.0],"times":[0.0,2.02e-6]}},"rabi_frequency_amplitude":{"global":{"values":[0.0,0.0,2.51328e7,2.51328e7,0.0,0.0],"times":[0.0,6.000000000000001e-9,1.4e-8,2.006e-6,2.014e-6,2.02e-6]}}}}}