{"nshots":1,"lattice":{"sites":[[0.0,0.0],[1.0e-5,0.0],[2.0e-5,0.0],[3.0e-5,0.0],[4.0e-5,0.0],[5.0e-5,0.0],[6.0e-5,0.0],[7.0e-5,0.0],[8.0e-5,0.0],[9.0e-5,0.0]],"filling":[1,1,1,1,1,1,1,1,1,1]},"effective_hamiltonian":{"rydberg":{"detuning":{"local":{"values":[0.0,5.089380099e7,5.089380099e7,5.089380099e7,5.089380099e7,5.089380099e7,5.089380099e7,5.089380099e7,5.089380099e7,5.089380099e7,5.089380099e7,5.089380099e7,5.089380099e7,0.0],"lattice_site_coefficients":[0.0,0.0,0.0,0.0,0.0,1.0,0.0,0.0,0.0,0.0],"times":[0.0,1.1e-8,2.2e-8,3.3e-8,4.5e-8,5.6e-8,6.7e-8,7.8e-8,8.9e-8,1.0e-7,1.12e-7,1.23e-7,1.34e-7,1.45e-7]},"global":{"values":[0.0,-5.0893801e7,-5.0893801e7,-5.0893801e7,-5.0893801e7,-5.0893801e7,-5.0893801e7,-5.0893801e7,-5.0893801e7,-5.0893801e7,-5.0893801e7,-5.0893801e7,-5.0893801e7,0.0],"times":[0.0,1.1e-8,2.2e-8,3.3e-8,4.5e-8,5.6e-8,6.7e-8,7.8e-8,8.9e-8,1.0e-7,1.12e-7,1.23e-7,1.34e-7,1.45e-7]}},"rabi_frequency_phase":{"global":{"values":[0.0,0.0],"times":[0.0,1.45e-7]}},"rabi_frequency_amplitude":{"global":{"values":[0.0,2.51328e7,2.51328e7,0.0],"times":[0.0,1.0e-8,1.35e-7,1.45e-7]}}}}}