{"nshots":1,"lattice":{"sites":[[0.0,0.0],[5.7e-6,0.0],[1.14e-5,0.0],[1.72e-5,0.0],[2.29e-5,0.0],[2.86e-5,0.0],[3.43e-5,0.0],[4.0e-5,0.0],[4.58e-5,0.0]],"filling":[1,1,1,1,1,1,1,1,1]},"effective_hamiltonian":{"rydberg":{"detuning":{"global":{"values":[-6.2831853e7,-6.2831853e7,-6.2831853e7,-6.24920174e7,-6.16990672e7,-6.01131672e7,-5.37695666e7,-4.10823654e7,9.666439e6,6.04152434e7,6.20011434e7,6.27940936e7,6.2831853e7,6.2831853e7,6.2831853e7,6.2831853e7,6.2831853e7,6.2831853e7,6.2831853e7,6.2831853e7,6.2831853e7,0.0,0.0,0.0,0.0,0.0,0.0,0.0,0.0,0.0,0.0,0.0,0.0],"times":[0.0,2.62e-7,2.95e-7,3.04e-7,3.12e-7,3.28e-7,3.94e-7,5.25e-7,1.05e-6,1.575e-6,1.591e-6,1.6e-6,1.608e-6,1.641e-6,1.706e-6,1.837e-6,2.1e-6,2.166e-6,2.198e-6,2.199e-6,2.2e-6,2.2e-6,2.2e-6,2.2e-6,2.2e-6,2.203e-6,2.207e-6,2.215e-6,2.231e-6,2.362e-6,2.625e-6,3.15e-6,4.2e-6]}},"rabi_frequency_phase":{"global":{"values":[0.0,0.0],"times":[0.0,4.2e-6]}},"rabi_frequency_amplitude":{"global":{"values":[0.0,1.64932e7,2.474e7,2.51328e7,2.51328e7,2.51328e7,2.51328e7,2.51328e7,2.51328e7,2.51328e7,2.51328e7,2.48056e7,2.34312e7,2.0682e7,1.51844e7,4.1888e6,1.44e6,65600.0,22400.0,1200.0,1.25664e7,1.25664e7,1.25664e7,1.25664e7,1.25664e7,1.25664e7,1.25664e7,1.25664e7,1.25664e7,1.25664e7],"times":[0.0,3.3e-8,4.9e-8,5.7e-8,6.6e-8,1.31e-7,2.62e-7,5.25e-7,1.05e-6,1.575e-6,1.591e-6,1.608e-6,1.641e-6,1.706e-6,1.837e-6,2.1e-6,2.166e-6,2.198e-6,2.199e-6,2.2e-6,2.2e-6,2.2e-6,2.203e-6,2.207e-6,2.215e-6,2.231e-6,2.362e-6,2.625e-6,3.15e-6,4.2e-6]}}}}}