{"nshots":1,"lattice":{"sites":[[0.0,0.0],[5.7e-6,0.0],[1.14e-5,0.0],[1.72e-5,0.0],[2.29e-5,0.0],[2.86e-5,0.0],[3.43e-5,0.0],[4.0e-5,0.0],[4.58e-5,0.0]],"filling":[1,1,1,1,1,1,1,1,1]},"effective_hamiltonian":{"rydberg":{"detuning":{"global":{"values":[-6.2831853e7,-6.2831853e7,-6.2831853e7,-6.16990672e7,-6.01131672e7,-5.8527267e7,-5.69413668e7,-5.53554668e7,-5.37695666e7,-5.21836664e7,-5.05977662e7,-4.90118662e7,-4.7425966e7,-4.58400658e7,-4.42541658e7,-4.26682656e7,-4.10823654e7,-3.94964654e7,-3.79105652e7,-3.6324665e7,-3.4738765e7,-3.31528648e7,-3.15669646e7,-2.99810646e7,-2.83951644e7,-2.68092642e7,-2.5223364e7,-2.3637464e7,-2.20515638e7,-2.04656636e7,-1.88797636e7,-1.72938634e7,-1.57079632e7,-1.41220632e7,-1.2536163e7,-1.09502628e7,-9.3643628e6,-7.7784626e6,-6.1925624e6,-4.6066624e6,-3.0207622e6,-1.434862e6,151038.2,1.7369382e6,3.3228384e6,4.9087386e6,6.4946386e6,8.0805388e6,9.666439e6,1.1252339e7,1.28382392e7,1.44241394e7,1.60100394e7,1.75959396e7,1.91818398e7,2.07677398e7,2.235364e7,2.39395402e7,2.55254404e7,2.71113404e7,2.86972406e7,3.02831408e7,3.18690408e7,3.3454941e7,3.50408412e7,3.66267412e7,3.82126414e7,3.97985416e7,4.13844416e7,4.29703418e7,4.4556242e7,4.6142142e7,4.77280422e7,4.93139424e7,5.08998426e7,5.24857426e7,5.40716428e7,5.5657543e7,5.7243443e7,5.88293432e7,6.04152434e7,6.20011434e7,6.2831853e7,6.2831853e7,6.2831853e7,6.2831853e7,6.2831853e7,6.2831853e7,6.2831853e7,6.2831853e7,6.2831853e7,6.2831853e7,6.2831853e7,6.2831853e7,6.2831853e7,6.2831853e7,6.2831853e7,6.2831853e7,6.2831853e7,6.2831853e7,0.0,0.0,0.0,0.0,0.0],"times":[0.0,2.62e-7,2.95e-7,3.12e-7,3.28e-7,3.45e-7,3.61e-7,3.77e-7,3.94e-7,4.1e-7,4.27e-7,4.43e-7,4.59e-7,4.76e-7,4.92e-7,5.09e-7,5.25e-7,5.41e-7,5.58e-7,5.74e-7,5.91e-7,6.07e-7,6.23e-7,6.4e-7,6.56e-7,6.73e-7,6.89e-7,7.05e-7,7.22e-7,7.38e-7,7.55e-7,7.71e-7,7.88e-7,8.04e-7,8.2e-7,8.37e-7,8.53e-7,8.7e-7,8.86e-7,9.02e-7,9.19e-7,9.35e-7,9.52e-7,9.68e-7,9.84e-7,1.001e-6,1.017e-6,1.034e-6,1.05e-6,1.066e-6,1.083e-6,1.099e-6,1.116e-6,1.132e-6,1.148e-6,1.165e-6,1.181e-6,1.198e-6,1.214e-6,1.23e-6,1.247e-6,1.263e-6,1.28e-6,1.296e-6,1.312e-6,1.329e-6,1.345e-6,1.362e-6,1.378e-6,1.395e-6,1.411e-6,1.427e-6,1.444e-6,1.46e-6,1.477e-6,1.493e-6,1.509e-6,1.526e-6,1.542e-6,1.559e-6,1.575e-6,1.591e-6,1.608e-6,1.624e-6,1.641e-6,1.657e-6,1.673e-6,1.706e-6,1.739e-6,1.755e-6,1.772e-6,1.788e-6,1.805e-6,1.838e-6,1.87e-6,1.903e-6,1.969e-6,2.1e-6,2.166e-6,2.198e-6,2.231e-6,2.362e-6,2.625e-6,3.15e-6,4.2e-6]}},"rabi_frequency_phase":{"global":{"values":[0.0,0.0],"times":[0.0,4.2e-6]}},"rabi_frequency_amplitude":{"global":{"values":[0.0,6.3e6,6.3e6,6.3e6,6.3e6,6.3e6,6.3e6,6.3e6,6.3e6,6.3e6,6.3e6,6.3e6,6.3e6,6.3e6,6.3e6,6.3e6,6.3e6,6.3e6,6.3e6,6.3e6,6.3e6,6.3e6,6.3e6,6.3e6,6.3e6,6.3e6,6.3e6,6.3e6,6.3e6,6.3e6,6.3e6,6.3e6,6.3e6,6.3e6,6.3e6,6.3e6,6.3e6,5.5632e6,4.1888e6,2.8144e6,1.44e6,6.3e6,6.3e6,6.3e6,6.3e6,6.3e6,6.3e6,6.3e6,6.3e6,6.3e6,6.3e6,0.0],"times":[0.0,1.31e-7,1.48e-7,1.64e-7,1.97e-7,2.13e-7,2.3e-7,2.46e-7,2.62e-7,3.28e-7,3.94e-7,4.59e-7,4.92e-7,5.25e-7,5.41e-7,5.58e-7,5.91e-7,6.56e-7,7.88e-7,1.05e-6,1.575e-6,1.591e-6,1.608e-6,1.641e-6,1.673e-6,1.706e-6,1.739e-6,1.772e-6,1.805e-6,1.821e-6,1.838e-6,1.87e-6,1.903e-6,1.936e-6,1.969e-6,2.002e-6,2.034e-6,2.067e-6,2.1e-6,2.133e-6,2.166e-6,2.231e-6,2.362e-6,2.625e-6,3.15e-6,3.675e-6,3.938e-6,4.069e-6,4.134e-6,4.151e-6,4.167e-6,4.2e-6]}}}}}