{"nshots":1,"lattice":{"sites":[[0.0,0.0],[5.7e-6,0.0],[1.14e-5,0.0],[1.72e-5,0.0],[2.29e-5,0.0],[2.86e-5,0.0],[3.43e-5,0.0],[4.0e-5,0.0],[4.58e-5,0.0]],"filling":[1,1,1,1,1,1,1,1,1]},"effective_hamiltonian":{"rydberg":{"detuning":{"global":{"values":[-6.2831853e7,-6.2831853e7,6.2831853e7,6.2831853e7],"times":[0.0,6.0e-7,2.1e-6,3.0e-6]}},"rabi_frequency_phase":{"global":{"values":[0.0,0.0],"times":[0.0,3.0e-6]}},"rabi_frequency_amplitude":{"global":{"values":[0.0,6.3e6,6.3e6,0.0,0.0],"times":[0.0,1.0e-7,2.1e-6,2.2e-6,3.0e-6]}}}}}