{"nshots":1,"lattice":{"sites":[[0.0,0.0],[5.5e-6,0.0],[1.1e-5,0.0],[1.65e-5,0.0],[2.2e-5,0.0],[2.75e-5,0.0],[3.3e-5,0.0],[3.85e-5,0.0],[4.4e-5,0.0],[4.95e-5,0.0],[5.5e-5,0.0],[6.05e-5,0.0],[6.6e-5,0.0],[7.15e-5,0.0],[7.7e-5,0.0],[8.25e-5,0.0],[8.8e-5,0.0],[9.35e-5,0.0],[9.9e-5,0.0],[0.0001045,0.0],[0.00011,0.0]],"filling":[1,1,1,1,1,1,1,1,1,1,1,1,1,1,1,1,1,1,1,1,1]},"effective_hamiltonian":{"rydberg":{"detuning":{"local":{"values":[0.0,0.0,0.0,0.0,0.0,0.0,0.0,0.0,0.0,0.0,0.0,0.0,0.0,0.0,0.0,0.0,0.0,0.0,0.0,0.0,0.0,0.0,0.0,0.0,0.0,0.0,0.0,0.0,0.0,0.0,0.0,0.0,0.0,0.0,0.0,0.0,0.0,0.0,0.0,0.0,0.0,0.0,0.0,0.0,0.0,0.0,0.0,0.0,0.0,0.0,0.0,0.0,0.0,0.0,0.0,0.0,0.0,0.0,0.0,0.0,0.0,0.0,0.0,0.0,0.0,0.0,0.0,0.0,0.0,0.0,0.0,0.0,0.0,0.0,0.0,0.0,0.0,0.0,0.0,0.0,0.0,0.0,0.0,0.0,0.0,0.0,0.0,0.0,0.0,0.0,0.0,0.0,0.0,0.0,0.0,0.0,0.0,0.0,0.0,0.0,0.0,0.0,0.0,0.0,0.0,0.0,0.0,0.0,0.0,0.0,0.0,0.0,0.0,0.0,0.0,0.0,0.0,0.0,0.0,0.0,0.0,0.0,0.0,0.0,0.0,0.0,0.0,0.0,0.0,0.0,0.0,0.0,0.0,0.0,0.0,0.0,0.0,0.0,0.0,0.0,0.0,0.0,0.0,0.0,0.0,0.0,0.0,0.0,0.0,0.0,0.0,0.0,0.0,0.0,0.0,0.0,0.0,0.0,0.0,0.0,0.0,0.0,0.0,0.0,0.0,0.0,0.0,0.0,0.0,0.0,0.0,0.0,0.0,0.0,0.0,0.0,0.0,0.0,0.0,0.0,0.0,0.0,0.0,0.0,0.0,0.0,0.0,0.0,0.0,0.0,0.0,0.0,0.0,0.0,0.0,0.0,0.0,0.0,0.0,0.0,0.0,0.0,0.0,0.0,0.0,0.0,0.0,0.0,0.0,0.0,0.0,0.0,0.0,0.0,0.0,0.0,0.0,0.0,0.0,0.0,0.0,0.0,0.0,0.0,0.0,0.0,0.0,0.0,0.0,0.0,0.0,0.0,0.0,0.0,0.0,0.0,0.0,0.0,0.0,0.0,0.0,0.0,0.0,0.0,0.0,0.0,0.0,0.0,0.0,0.0,0.0,0.0,0.0,0.0,0.0,0.0,0.0,0.0,0.0,0.0,0.0,0.0,0.0,0.0,0.0,0.0,0.0,0.0,0.0,0.0,0.0,0.0,0.0,0.0,0.0,0.0,0.0,0.0,0.0,0.0,0.0,0.0,0.0,0.0,0.0,0.0,0.0,0.0,0.0,0.0,0.0,0.0,0.0,0.0,0.0,0.0,0.0,0.0,0.0,0.0,0.0,0.0,0.0,0.0,0.0,0.0,0.0,0.0,0.0,0.0,0.0,0.0,0.0,0.0,0.0,0.0,0.0,0.0,0.0,0.0,0.0,0.0,0.0,0.0,0.0,0.0,0.0,0.0,0.0,0.0,0.0,0.0,0.0,0.0,0.0,0.0,0.0,0.0,0.0,0.0,0.0,0.0,0.0,0.0,0.0,0.0,0.0,0.0,0.0,0.0,-6.283185307e7,-6.283185307e7,-6.283185307e7,-6.283185307e7,-6.283185307e7,-6.283185307e7,-6.283185307e7,-6.283185307e7,-6.283185307e7,-6.283185307e7],"lattice_site_coefficients":[0.0,0.0,0.0,0.0,0.0,0.0,0.0,0.0,0.0,0.0,1.0,0.0,0.0,0.0,0.0,0.0,0.0,0.0,0.0,0.0,0.0],"times":[0.0,1.0e-8,2.0e-8,3.0e-8,4.0e-8,5.0e-8,6.0e-8,7.0e-8,8.0e-8,9.0e-8,1.0e-7,1.1e-7,1.2e-7,1.3e-7,1.4e-7,1.5e-7,1.6e-7,1.7e-7,1.81e-7,1.91e-7,2.01e-7,2.11e-7,2.21e-7,2.31e-7,2.41e-7,2.51e-7,2.61e-7,2.71e-7,2.81e-7,2.91e-7,3.01e-7,3.11e-7,3.21e-7,3.31e-7,3.41e-7,3.51e-7,3.61e-7,3.71e-7,3.81e-7,3.91e-7,4.01e-7,4.11e-7,4.21e-7,4.31e-7,4.41e-7,4.51e-7,4.61e-7,4.71e-7,4.81e-7,4.91e-7,5.01e-7,5.11e-7,5.21e-7,5.31e-7,5.42e-7,5.52e-7,5.62e-7,5.72e-7,5.82e-7,5.92e-7,6.02e-7,6.12e-7,6.22e-7,6.32e-7,6.42e-7,6.52e-7,6.62e-7,6.72e-7,6.82e-7,6.92e-7,7.02e-7,7.12e-7,7.22e-7,7.32e-7,7.42e-7,7.52e-7,7.62e-7,7.72e-7,7.82e-7,7.92e-7,8.02e-7,8.12e-7,8.22e-7,8.32e-7,8.42e-7,8.52e-7,8.62e-7,8.72e-7,8.82e-7,8.92e-7,9.03e-7,9.13e-7,9.23e-7,9.33e-7,9.43e-7,9.53e-7,9.63e-7,9.73e-7,9.83e-7,9.93e-7,1.003e-6,1.013e-6,1.023e-6,1.033e-6,1.043e-6,1.053e-6,1.063e-6,1.073e-6,1.083e-6,1.093e-6,1.103e-6,1.113e-6,1.123e-6,1.133e-6,1.143e-6,1.153e-6,1.163e-6,1.173e-6,1.183e-6,1.193e-6,1.203e-6,1.213e-6,1.223e-6,1.233e-6,1.243e-6,1.253e-6,1.264e-6,1.274e-6,1.284e-6,1.294e-6,1.304e-6,1.314e-6,1.324e-6,1.334e-6,1.344e-6,1.354e-6,1.364e-6,1.374e-6,1.384e-6,1.394e-6,1.404e-6,1.414e-6,1.424e-6,1.434e-6,1.444e-6,1.454e-6,1.464e-6,1.474e-6,1.484e-6,1.494e-6,1.504e-6,1.514e-6,1.524e-6,1.534e-6,1.544e-6,1.554e-6,1.564e-6,1.574e-6,1.584e-6,1.594e-6,1.604e-6,1.614e-6,1.625e-6,1.635e-6,1.645e-6,1.655e-6,1.665e-6,1.675e-6,1.685e-6,1.695e-6,1.705e-6,1.715e-6,1.725e-6,1.735e-6,1.745e-6,1.755e-6,1.765e-6,1.775e-6,1.785e-6,1.795e-6,1.805e-6,1.815e-6,1.825e-6,1.835e-6,1.845e-6,1.855e-6,1.865e-6,1.875e-6,1.885e-6,1.895e-6,1.905e-6,1.915e-6,1.925e-6,1.935e-6,1.945e-6,1.955e-6,1.965e-6,1.975e-6,1.986e-6,1.996e-6,2.006e-6,2.016e-6,2.026e-6,2.036e-6,2.046e-6,2.056e-6,2.066e-6,2.076e-6,2.086e-6,2.096e-6,2.106e-6,2.116e-6,2.126e-6,2.136e-6,2.146e-6,2.156e-6,2.166e-6,2.176e-6,2.186e-6,2.196e-6,2.206e-6,2.216e-6,2.226e-6,2.236e-6,2.246e-6,2.256e-6,2.266e-6,2.276e-6,2.286e-6,2.296e-6,2.306e-6,2.316e-6,2.326e-6,2.336e-6,2.347e-6,2.357e-6,2.367e-6,2.377e-6,2.387e-6,2.397e-6,2.407e-6,2.417e-6,2.427e-6,2.437e-6,2.447e-6,2.457e-6,2.467e-6,2.477e-6,2.487e-6,2.497e-6,2.507e-6,2.517e-6,2.527e-6,2.537e-6,2.547e-6,2.557e-6,2.567e-6,2.577e-6,2.587e-6,2.597e-6,2.607e-6,2.617e-6,2.627e-6,2.637e-6,2.647e-6,2.657e-6,2.667e-6,2.677e-6,2.687e-6,2.697e-6,2.708e-6,2.718e-6,2.728e-6,2.738e-6,2.748e-6,2.758e-6,2.768e-6,2.778e-6,2.788e-6,2.798e-6,2.808e-6,2.818e-6,2.828e-6,2.838e-6,2.848e-6,2.858e-6,2.868e-6,2.878e-6,2.888e-6,2.898e-6,2.908e-6,2.918e-6,2.928e-6,2.938e-6,2.948e-6,2.958e-6,2.968e-6,2.978e-6,2.988e-6,2.998e-6,3.008e-6,3.018e-6,3.028e-6,3.038e-6,3.048e-6,3.058e-6,3.069e-6,3.079e-6,3.089e-6,3.099e-6,3.109e-6,3.119e-6,3.129e-6,3.139e-6,3.149e-6,3.159e-6,3.169e-6,3.179e-6,3.189e-6,3.199e-6,3.209e-6,3.219e-6,3.229e-6,3.239e-6,3.249e-6,3.259e-6,3.269e-6,3.279e-6,3.289e-6,3.299e-6,3.309e-6,3.319e-6,3.329e-6,3.339e-6,3.349e-6,3.359e-6,3.369e-6,3.379e-6,3.389e-6,3.399e-6,3.409e-6,3.419e-6,3.43e-6,3.44e-6,3.45e-6,3.46e-6,3.47e-6,3.48e-6,3.49e-6,3.5e-6,3.51e-6,3.52e-6,3.53e-6,3.54e-6,3.55e-6,3.56e-6,3.57e-6,3.58e-6,3.59e-6,3.6e-6]},