{"nshots":1,"lattice":{"sites":[[0.0,0.0],[6.7e-6,0.0],[1.34e-5,0.0],[0.0,6.7e-6],[6.7e-6,6.7e-6],[1.34e-5,6.7e-6],[0.0,1.34e-5],[6.7e-6,1.34e-5],[1.34e-5,1.34e-5]],"filling":[1,1,1,1,1,1,1,1,1]},"effective_hamiltonian":{"rydberg":{"detuning":{"global":{"values":[-9.42477796e7,-9.42477796e7,9.42477796e7,9.42477796e7],"times":[0.0,3.0e-7,2.6e-6,2.9e-6]}},"rabi_frequency_phase":{"global":{"values":[0.0,0.0],"times":[0.0,2.9e-6]}},"rabi_frequency_amplitude":{"global":{"values":[0.0,6.3e6,6.3e6,0.0],"times":[0.0,3.0e-7,2.6e-6,2.9e-6]}}}}}